epoch,lr,train_loss,train_rmse,val_loss,val_rmse,test_loss,test_rmse
0,0.0005,6.249747759217669,2.4509789646021964,6.615056997537613,2.5537734470226634,6.32803321480751,2.480404214243412
1,0.0005,3.8123704829033773,1.9168768170391093,3.875075402855873,1.9437867752618292,3.7209111154079437,1.8992798295905262
2,0.0005,3.1373689960522255,1.7355050009530535,6.502840280532837,2.5380747925426856,6.294848954677581,2.492848279843312
3,0.0005,2.78393078116095,1.6385428908161133,3.8843916684389113,1.9542376475785368,3.6381984829902647,1.873730927340164
4,0.0005,2.4141046336502026,1.5229213439251168,3.1354952439665795,1.7511429407944115,3.1136103838682176,1.7356787879261275
5,0.0005,2.2013561281428973,1.4546246769011584,3.0349570140242577,1.7259439881259695,2.9311178058385847,1.6899130931874407
6,0.0005,2.07929780756592,1.411608283859182,2.0972979381680488,1.4188119063900342,2.077197866141796,1.4081238430510972
7,0.0005,1.8973673828847848,1.350544499567452,2.9953886777162553,1.7084214541092904,2.9772562801837923,1.7070549715310244
8,0.0005,1.7898881547390275,1.3028026725392936,2.5963866472244264,1.594565790531092,2.492139881849289,1.5445190867937038
9,0.0005,1.6950411977851467,1.2741109960642472,1.614334447681904,1.2444020255005883,1.5634218215942384,1.222669873483935
10,0.0005,1.5802215630081808,1.229895550543182,1.6556900262832641,1.2534048306838543,1.6385688662528992,1.2407693005112965
11,0.0005,1.5753380836574895,1.229334946412171,1.9855701327323914,1.3932910878562972,2.125185529887676,1.4132917997735532
12,0.0005,1.3912649741218348,1.153702182868898,2.524210329353809,1.5767377476112663,2.4020652651786802,1.5353991136541951
13,0.0005,1.3695596951967592,1.1456618147783801,2.6755590736865997,1.6203829138045192,2.8097980439662935,1.6575756940521211
14,0.0005,1.3307868902850304,1.1277665473426508,2.482697033882141,1.5650183329606528,2.543851411342621,1.5752346060895113
15,0.0005,1.3036059784661433,1.1171611314051841,1.418144239485264,1.1685512880935638,1.450781175494194,1.1825333228112096
16,0.0005,1.214169521810143,1.0752896461185117,1.3426856361329556,1.1374293041701042,1.3712362483143807,1.1491217827276403
17,0.0005,1.2366355649984566,1.0884272326446145,2.847532904148102,1.6805296411946997,3.022262144088745,1.707119926213043
18,0.0005,1.1336967548367325,1.0401281184472106,1.6178604289889336,1.2513899283428087,1.792285543680191,1.3215882372521188
19,0.0005,1.0884434204240134,1.0200966085059806,1.3328581899404526,1.132974099479873,1.3778391391038896,1.1516300283147465
20,0.0005,1.0678994528427246,1.009459089683278,1.7103888869285584,1.2941001296752164,1.7735116332769394,1.3120349468269255
21,0.0005,1.0542550243579658,1.0033337913950937,2.269786962866783,1.4989990993848261,2.3011062115430834,1.5081120374506642
22,0.0005,1.0108229140187526,0.9817450778226581,2.1091236740350725,1.4450679450960497,2.1113177806138994,1.4404952042700234
23,0.0005,0.9407492604604952,0.9458344740416808,1.264802835136652,1.1102814344942147,1.2434596717357635,1.095479122189507
24,0.0005,0.8917960762787777,0.920376344851218,1.484137549996376,1.2038548680764491,1.5052980810403824,1.2100159966865978
25,0.0005,0.850366027586779,0.8981873617756976,1.2874131366610526,1.1198136280044166,1.2214891586452723,1.0924483055665235
26,0.0005,0.8956254841225921,0.9222000341542735,1.196330177783966,1.0728781589531184,1.155592779815197,1.056500323981111
27,0.0005,0.847582737826238,0.8953935830989211,2.036938391625881,1.4188979406972624,1.9972727984189986,1.4031238913030561
28,0.0005,0.8162845226040312,0.876658283153656,0.958131768554449,0.9606296196837787,1.0053166620433331,0.986112049242466
29,0.0005,0.8703198569595434,0.9098121785901189,1.8216263994574546,1.3427931412623044,1.8594095572829246,1.3442691365501462
30,0.0005,0.7801197692277325,0.8590930135097731,1.5186262607574463,1.2231553366649595,1.4808655992150306,1.2053985181603024
31,0.0005,0.7184951214748583,0.8221914497977351,1.4089664429426194,1.1788359178345043,1.3894921407103538,1.1677245888866268
32,0.0005,0.6942596838922258,0.8092132517019964,1.3156664475798607,1.1311113558561978,1.3327559262514115,1.1410838646448174
33,0.0005,0.7058195369258807,0.8140881026706381,1.08726117759943,1.0195462837419493,1.0118096888065338,0.98913902539538
34,0.0005,0.7064639871856969,0.8168621657080759,1.2994243070483207,1.1250035287475169,1.3290659427642821,1.1406549478312014
35,0.0005,0.6483302274422281,0.7801681892510127,1.0069105803966523,0.9903047954559936,1.0183754414319992,0.9901654249204717
36,0.0005,0.6445867041493677,0.7779884065997243,1.1903371445834636,1.0776422325995245,1.2197747647762298,1.092859116533394
37,0.0005,0.6778547594406802,0.7992058522577454,0.989543991535902,0.9787949163399202,0.9751623146235943,0.9730994957705049
38,0.0005,0.667202304502961,0.7930733429318677,1.3491628479212523,1.1559978688592023,1.398362398147583,1.1736857151442366
39,0.0005,0.5980374627527157,0.7495374643193445,1.0453232623636723,1.0068827542995125,1.068171738088131,1.0211031208706238
40,0.0005,0.5726209149049346,0.7318782829463585,0.8421250425279141,0.9004659375696461,0.8609529994428158,0.9056786656326005
41,0.0005,0.5876800234720205,0.7418144049937294,1.183624793589115,1.0761913320035579,1.1488095737993718,1.0633941605608714
42,0.0005,0.5829811841724025,0.7373132651110084,1.1728405073285102,1.0715392601307834,1.1419884957373143,1.0596960378679667
43,0.0005,0.5389396572948262,0.7082877482533547,0.8340423837304115,0.8960417626383926,0.7883037317544221,0.8754779368211878
44,0.0005,0.5620834205275888,0.7220918641465758,1.4000993579626084,1.1751332731853625,1.2857078358530998,1.1240693296282254
45,0.0005,0.5090524654384632,0.6869063722155504,0.948338332772255,0.9636890202001397,0.8942168533802033,0.9342682138520545
46,0.0005,0.5256547841486657,0.7002365184902245,0.8699334472417831,0.9189521915019426,0.9527954511344433,0.9645289693334637
47,0.0005,0.5185297163808422,0.6947159444446459,1.3208522945642471,1.1375267652001442,1.2868560686707498,1.1196621471336246
48,0.0005,0.5040033854971266,0.6852972875018523,1.0263844825327397,1.0003740765808438,1.0311914041638375,1.0078583143659845
49,0.0005,0.4741580695578247,0.6636858271384813,0.8656566835939884,0.9179518526620182,0.8076074965298176,0.8873141474411579
50,0.0005,0.46337789634040966,0.6543075323111626,0.9135035663843155,0.9415071908734891,0.9254803992807865,0.9517449098703518
51,0.0005,0.4367447042730963,0.6328978816636764,0.7694251164793968,0.8603487358976657,0.7877057269215584,0.873422197952899
52,0.0005,0.46198191522223175,0.6541124634929857,0.8388812080025673,0.904885138119806,0.8671800211071968,0.9177896054018931
53,0.0005,0.42462932342176984,0.6256873763445576,0.9711768202483654,0.9717352751448552,0.9907127432525158,0.9861986028179425
54,0.0005,0.4476090573770985,0.6421036523327535,0.7876552201807498,0.8682352544607935,0.8040782630443573,0.8837710974308922
55,0.0005,0.4584883468783206,0.6516913508353419,1.0812611892819404,1.026913481282305,1.0892089255154134,1.0318463605868624
56,0.0005,0.4532552665680837,0.6472124059108779,0.8986776329576969,0.9327450083346787,0.8982531115412712,0.9354888336449614
57,0.0005,0.42704639650264364,0.6279286359923345,0.8525756850838662,0.9082112930038817,0.8184689894318581,0.8929321764870374
58,0.0005,0.41077081598104187,0.6140872537520844,0.8311080504208803,0.901757002925552,0.8265653438866138,0.899271578495721
59,0.0005,0.41285350951988986,0.6154195509683034,0.7753151826560497,0.864859853540877,0.7638655081391335,0.8602322381849938
60,0.0005,0.3991449694060216,0.6046759498290817,0.8977375879883767,0.9330880083674212,0.8133563660085201,0.8822558398457577
61,0.0005,0.39236299945100855,0.5987115922119988,0.7488678105175495,0.8495972172897169,0.7615237548947335,0.859571705812744
62,0.0005,0.38013315699092903,0.5904062804173325,0.8023662321269512,0.8713745138903526,0.7624136306345463,0.8640545691803289
63,0.0005,0.3660627417029089,0.5776866801667273,0.9422945871949195,0.9530271016383945,0.9820469714701175,0.9793385767446565
64,0.0005,0.3726583674170409,0.5840204231640955,0.9470570161938667,0.9562276910660247,1.0354499585926533,1.0066370982726403
65,0.0005,0.3630227719427674,0.5744716678175458,0.78400185033679,0.868223433655733,0.7806116167455912,0.8765126663363941
66,0.0005,0.3702983264900317,0.5800193328359547,0.938141243904829,0.9556589623189998,0.889873842895031,0.9324623980842378
67,0.0005,0.36876671970080416,0.5809293934176627,0.8425216600298882,0.9024357032806966,0.8548646351322532,0.9171578007764215
68,0.0005,0.3653383468556556,0.5777395368057385,0.733336441963911,0.8354073583934157,0.7608790459111333,0.8642028541342913
69,0.0005,0.34865345188956354,0.5644402757715042,0.9620103098452091,0.9730885685004775,0.9613201022148132,0.9728830913262012
70,0.0005,0.3572004223420362,0.5719723081181066,1.0257557295262814,0.9955621875052448,0.995877056568861,0.988839917343813
71,0.0005,0.3499341049961224,0.5651377344065072,0.8331252820789814,0.8915639929052571,0.8649560302495957,0.9206969088712013
72,0.0005,0.34285677148468174,0.5583714439004968,0.7633104771375656,0.8512039582829599,0.7756657935678959,0.8701522769953655
73,0.0005,0.3361628316105551,0.5522933193734024,0.8339489459991455,0.8994979019755719,0.831568505242467,0.903571467437468
74,0.0005,0.35133037630729613,0.5667057893357661,0.7287856623530388,0.8374200181336495,0.767663199082017,0.868270602291896
75,0.0005,0.35556071669242945,0.570069476195484,0.7708365138620138,0.8595825765500125,0.8441523347049952,0.9088151118107783
76,0.0005,0.3182906890465955,0.535934467714018,0.6627519320696592,0.7929982476201385,0.6864808756858111,0.8164920220785256
77,0.0005,0.320865583837412,0.5396964723781098,0.7560878697782755,0.8547706096705054,0.7301020147278905,0.8462132489481408
78,0.0005,0.30222991498032953,0.5216165102621731,0.8482524499297142,0.9114183602396443,0.8364542994648219,0.9073971293857754
79,0.0005,0.2967204316548861,0.5166135653345555,0.9266474969685078,0.9526038546139296,0.9316444009542465,0.9576368681073042
80,0.0005,0.3133740030751107,0.5320628731169432,0.8265763394534588,0.8946605297690357,0.8468771107494831,0.9107653074632496
81,0.0005,0.3319749805578001,0.5494480137021472,0.6723923441022635,0.8030438623238328,0.6850238177925349,0.8166235618680358
82,0.0005,0.2804940872985846,0.5008209324426512,0.752646817266941,0.856513991247147,0.8022215589880943,0.8848035070228175
83,0.0005,0.2871734598165105,0.5081123468514017,0.7373569678515196,0.8473225509765651,0.719350403547287,0.8384627731008122
84,0.0005,0.32237911361987426,0.5375918131959676,0.7928017236292362,0.8760709665255155,0.7887758828699589,0.8792271556749427
85,0.0005,0.3356034802925435,0.5527196414559427,0.9153931930661201,0.9439290895199763,0.9181788198649883,0.9496659649052547
86,0.0005,0.307579206955281,0.5263935567677636,0.7573463395237923,0.8586847091181568,0.7754107754677534,0.8741047741889544
87,0.0005,0.28103891726891705,0.5017699517551931,0.7466203019022941,0.8516733696791294,0.7367248168215156,0.8502907941619164
88,0.0005,0.268909886953937,0.48997669198610305,0.7306661829352379,0.8413329028221257,0.7461447939276695,0.8543434558811037
89,0.0005,0.26419762154198756,0.4848403936931829,0.7221243031322956,0.8386461819772307,0.7564796121791005,0.8633095381907409
90,0.0005,0.27439222344832054,0.4951884865033328,0.6652948725968599,0.7980255746459057,0.6685894951224327,0.8079420743088234
91,0.0005,0.27537178824756553,0.49728022749921313,0.7676585737615824,0.8631528096286414,0.7922448601573706,0.8820048926885932
92,0.00025,0.2980030820627881,0.5183428271999356,0.7720366008579731,0.863606619246378,0.7811832763254642,0.8751660635429492
93,0.00025,0.22161120499015613,0.44225984443025024,0.6627624161541462,0.7993966007716119,0.6805956047028303,0.8170561422306076
94,0.00025,0.19101475850696775,0.40707154123547284,0.691003468632698,0.8142332014680769,0.710221990570426,0.836069304076818
95,0.00025,0.1833679254172714,0.3976575959756928,0.6647795494645834,0.7984811966955235,0.6940938692539931,0.8251324812744085
96,0.00025,0.18492940609242506,0.39873930641225,0.670137633010745,0.8055461496921553,0.6948131896555424,0.8255517908068183
97,0.00025,0.17952620650932288,0.3937744668668477,0.7220079928636551,0.8304601994673065,0.7214902475476265,0.842175843935634
98,0.00025,0.1817730234663008,0.3964894130771573,0.6932680666446686,0.818338210872093,0.7091842420399189,0.8358497561887377
99,0.00025,0.18657395426350035,0.40273597562416613,0.6672216299921274,0.800914767333708,0.7090519225224853,0.8359789842946187
100,0.00025,0.18243190973617468,0.3962612855643124,0.674472526460886,0.809001506102423,0.6744505509734153,0.8125551535342501
101,0.00025,0.17532573438658836,0.3875389604706373,0.6696592804044486,0.8034745660428008,0.6936004607006907,0.8270806468563546
102,0.00025,0.17727792722167104,0.3900350181690229,0.6685901131480932,0.800739353086678,0.6910452008247375,0.8246964216541302
103,0.00025,0.1836706053963892,0.3968487769884254,0.6355479076504708,0.7804171294565607,0.662728421203792,0.8082034383180767
104,0.00025,0.17897100817815514,0.39331898897259265,0.7215015608817339,0.837077166146971,0.7258949641138315,0.8464584600198342
105,0.00025,0.1747332680614511,0.3871825711630568,0.6697149179875851,0.8072987742717309,0.6973032807931304,0.8295840941244215
106,0.00025,0.16671187311980376,0.37646361798879363,0.6932862445712089,0.8176159079364195,0.6962141204625368,0.826747252092419
107,0.00025,0.16992071261451502,0.3809763164773166,0.6418785162270069,0.7866933001629979,0.6793162174522877,0.8169028893165285
108,0.00025,0.1771433074620499,0.39106559246319517,0.673024120926857,0.8064658437483189,0.6988433733582496,0.8259203468604204
109,0.00025,0.175222780341935,0.38950032802512513,0.7232802469283343,0.8387806844053222,0.7179104994982481,0.8407453515711487
110,0.00025,0.1711957455630515,0.3833433209498688,0.6554623227566481,0.7976768391708863,0.6728172684088349,0.81378209359973
111,0.00025,0.17012855742767358,0.3818250628010082,0.6811512134969234,0.8124902620295211,0.6909619336947799,0.8254974476018597
112,0.00025,0.16658850367756406,0.3773342154252712,0.7217845182865859,0.8400322616723438,0.7147674344480037,0.8387475528883208
113,0.00025,0.1656451807327711,0.37635160125548417,0.6920263286679983,0.8194593366984726,0.7039479114115238,0.8317103043171131
114,0.00025,0.16507165798336076,0.37577056189484964,0.6391942866146565,0.7872416452597996,0.6578943461179734,0.8026160773642657
115,0.00025,0.1687172481161394,0.38089645612910467,0.6077748674899339,0.7633296856205639,0.6431628320366144,0.7950469027167992
116,0.00025,0.17031831612252885,0.37681237191712574,0.7785321641713381,0.8709834594467795,0.8322280637919903,0.9052191675528596
117,0.00025,0.20011228071466372,0.4190307326151029,0.6863690704107285,0.8141545684156305,0.6664550550282001,0.809871996537002
118,0.00025,0.1706300029756537,0.38258690070019286,0.6466498497873545,0.7923977265034239,0.6834756411612034,0.8187641055427234
119,0.00025,0.16317196024261463,0.3729453065935305,0.6619698084890843,0.8021138552668061,0.6734258575364948,0.8143192708491427
120,0.00025,0.15513548648850933,0.363046277619937,0.6660503540188074,0.8039173782182764,0.6613498009741307,0.8064967560133485
121,0.00025,0.15927577460077919,0.3683423808512976,0.7004147805273533,0.8252683478192199,0.7045433927327395,0.8325721794556714
122,0.00025,0.15620200757150818,0.36530033003057594,0.7224517058581114,0.837049309103448,0.6959535080939532,0.8262080959943706
123,0.00025,0.15642955813817916,0.3649419375440249,0.6274297453463078,0.7820609948469481,0.6452327121049166,0.796194034787339
124,0.00025,0.1557531866725463,0.3632365517830516,0.6630696877837181,0.7992050859920768,0.6794200416654348,0.8180389381461562
125,0.00025,0.1585180429255317,0.36805724857676575,0.6643311686813831,0.8036950001180393,0.6657138351351023,0.8100774476993208
126,0.00025,0.15822064888420379,0.3656807139917675,0.6813853286206722,0.8133944564687915,0.7176574997603893,0.8403014457496099
127,0.00025,0.15962571107373116,0.3684529856704773,0.6510119367390871,0.7951332863082226,0.6934009104967117,0.8261632700645312
128,0.00025,0.1577518724830477,0.3663773662649953,0.6722590927034616,0.8073821391582393,0.6760752823203802,0.8150492645853853
129,0.00025,0.15544022645825034,0.3637554221328761,0.6486919939517974,0.7924828985917384,0.6634845569729805,0.8076209739131684
130,0.00025,0.15587558416993755,0.3639680991689077,0.6382431242614984,0.7858999102272551,0.7000283833593131,0.83013586412595
131,0.000125,0.16006490441074797,0.369667211718227,0.6690834641456604,0.8087896485243008,0.7017783641815185,0.8319897350751324
132,0.000125,0.13837811524036583,0.34009134565623683,0.6083924856036902,0.7692884478262098,0.674845427274704,0.8160742586823009
133,0.000125,0.12949945928327217,0.3268451277381224,0.623226473107934,0.7759395736183681,0.6611546277999878,0.8071332702957374
134,0.000125,0.12160238667515813,0.3154938119741579,0.626474441587925,0.7785447503723132,0.6585004933178424,0.8052137537441076
135,0.000125,0.12699657684536117,0.32354434397877924,0.6293683920055628,0.7818870517146299,0.6471668321639299,0.7985923044354724
136,0.000125,0.12012092248317163,0.31343234612377413,0.6189252078533173,0.7748570007903375,0.6430163457989693,0.7949791314592303
137,0.000125,0.12584801733636172,0.3224238283856715,0.6316418346017599,0.7824136186955362,0.6691362095996738,0.8130750656767454
138,0.000125,0.12008801463303292,0.3143045663749724,0.6248504877090454,0.7790826820226984,0.6471252158284188,0.7979369180744176
139,0.000125,0.12151564749040801,0.31506048522448665,0.6154993284493685,0.7727086685787684,0.6402180947363376,0.7930343500285054
140,0.000125,0.11960155374495088,0.3125121575021205,0.6207669109106064,0.7750850494579336,0.6462096376344562,0.7983223471172748
141,0.000125,0.12130230502670358,0.31680109971695847,0.5987154737114906,0.7601353595578878,0.6236074022948742,0.7838396525320566
142,0.000125,0.11919477141824118,0.3102833450839302,0.6131559167057276,0.771072422188707,0.6310285774990916,0.7889967091425866
143,0.000125,0.12395559702139751,0.32118355119315645,0.6183484356850386,0.7756599804677891,0.6501017171889544,0.8009485114746382
144,0.000125,0.11795206364410318,0.3091330882976613,0.6287397395819425,0.7808067589989268,0.6755501460283995,0.8162572208474363
145,0.000125,0.12011499835807048,0.3154530843440795,0.6196008533239364,0.7767714056867686,0.64962472692132,0.8006458358654385
146,0.000125,0.11385729631326001,0.30485614930644683,0.6224060468375683,0.7777355943796076,0.6510842876508832,0.8015898636388079
147,0.000125,0.11887824255379902,0.3115625127868868,0.6173392631113529,0.7749273453486311,0.6505492942407727,0.8008102602008319
148,0.000125,0.1198632015615322,0.3145501536097852,0.6048354968428612,0.7657470719117261,0.635271355509758,0.7916407427467178
149,0.000125,0.11739374420777628,0.3101174272716045,0.6332165069878102,0.7853968191933982,0.675593077018857,0.8168262366725882
150,0.000125,0.11806484997557228,0.30976561109279277,0.6719347219914198,0.8106911188090867,0.7010191459208727,0.830323279732282
151,0.000125,0.11680146738602097,0.30968628881152105,0.603492621332407,0.7645386015377813,0.6428694423288107,0.7957723086963898
152,0.000125,0.11470154401175915,0.30477017946202567,0.5968311421573163,0.7599208937392335,0.6582836207002402,0.8056530183001188
153,0.000125,0.12318396945572962,0.30777690063531266,0.6120153874158859,0.7710066097890379,0.6640030592679977,0.8102783753790911
154,0.000125,0.12661845590563336,0.3247670718662448,0.5997718580067157,0.7639688903016776,0.6379979532212019,0.7926312600476015
155,0.000125,0.11342599693756954,0.303780509794321,0.6153916794806719,0.773811021794036,0.653963153809309,0.8032366819097445
156,0.000125,0.11386324117660143,0.3047051939323644,0.6052332941442728,0.7657544935271459,0.6338598862290382,0.7905475600987024
157,0.000125,0.11636407974704056,0.3081207180137639,0.5946724835783244,0.7589305775107313,0.633096918091178,0.7902704603501833
158,0.000125,0.11161249530780468,0.3020525091124969,0.6073842871934175,0.7686784020838919,0.6515513736754656,0.8012164919068943
159,0.000125,0.11241974224852529,0.3029650165824702,0.6267960466444492,0.7804731941107933,0.6684027085080743,0.8128220210333797
160,0.000125,0.11398065806763946,0.30439973024664024,0.6344517096877098,0.7848493874964306,0.6732299335300922,0.8148731745372387
161,0.000125,0.10952200855656415,0.29751306947776296,0.6401045486330986,0.7892398462237775,0.6555189754813909,0.8030518306625845
162,0.000125,0.1099497027766363,0.2980257031942555,0.6391098987311125,0.787928582652733,0.6675258409231901,0.8114523541185757
163,0.000125,0.11397221403279502,0.30581036843442444,0.6151248335838317,0.7727056000001474,0.6566441413015127,0.8046688237584091
164,0.000125,0.1124553894683434,0.30407332662501374,0.6223960481584072,0.7769822945365036,0.6552120693027973,0.8041336899033573
165,0.000125,0.11179410337595044,0.3020204299875971,0.6220026973634958,0.7765190422983785,0.6399586435407401,0.794413730197622
166,0.000125,0.10750070118173292,0.2954118239592721,0.6428332578390836,0.7917531887133519,0.6491823613643646,0.8002195436565039
167,0.000125,0.11179583593253876,0.302222060106953,0.6356655731797218,0.785111803090013,0.6405702529475092,0.7945876570469833
168,0.000125,0.1089334723889638,0.29822265866522096,0.6257496848702431,0.7769088550917217,0.6383240457624197,0.7936260358573679
169,0.000125,0.1124484570708814,0.3024523485562908,0.6237534482032061,0.7795368502920976,0.6549333425238728,0.8041686351547825
170,0.000125,0.1115002110244552,0.30194677006078435,0.6370719619095325,0.7872226255090226,0.6673665918409825,0.8111068298640265
171,0.000125,0.11502681542069289,0.3078627756100576,0.6380380131304264,0.7897892539788811,0.6438146933913231,0.7965245114696221
172,0.000125,0.10898003050950682,0.29666179157648986,0.6138870306313038,0.7738140092793492,0.6529345139861107,0.8031230938047484
173,6.25e-05,0.10754334474587517,0.29650980751325207,0.6176909174770117,0.7765705439377081,0.6418330412358045,0.7960773818316562
174,6.25e-05,0.10329778363133311,0.28665413693564634,0.591122555360198,0.7586795848004066,0.6301935745403171,0.789455169743249
175,6.25e-05,0.09771169420735092,0.2798408898282695,0.621327442675829,0.7787907421342158,0.6235407890751958,0.7842805900409068
176,6.25e-05,0.09708459373966903,0.27749482448778673,0.6017788425087929,0.7643854096855761,0.6239408187568187,0.7848029661207276
177,6.25e-05,0.09536808440876994,0.27552332487474834,0.5927687909454107,0.7587217415516453,0.6289582272991538,0.7879217029041878
178,6.25e-05,0.0960644965837146,0.2755745703906232,0.5901764612644911,0.7574381320995094,0.6321139916777611,0.789425321713919
179,6.25e-05,0.09595313379956279,0.27548195795954167,0.5973645482212305,0.7634033519676325,0.62252890560776,0.7842662674877293
180,6.25e-05,0.0928734612835061,0.27104251863906725,0.5973835691809655,0.7624717709624016,0.6350322930142284,0.7921912364121056
181,6.25e-05,0.09545253216033908,0.2753148371621391,0.5911060236394405,0.7584874533663694,0.6271736746653914,0.7871130674144773
182,6.25e-05,0.09888409994020583,0.28219128658036063,0.5918131481856108,0.7594563833251747,0.6343460549600423,0.7920073831472554
183,6.25e-05,0.09606711100193725,0.2759476482646181,0.6144235756248235,0.7731256346068587,0.6384808652102947,0.7941523060808505
184,6.25e-05,0.09555962853798061,0.27616053074502583,0.6024529967457056,0.7666196392480691,0.6340326515957713,0.7912705727042315
185,6.25e-05,0.0937068196618633,0.27406106634539873,0.6022826589643955,0.7654098090818046,0.6402973489835858,0.7958392813465596
186,6.25e-05,0.09402201178774333,0.27401185832553704,0.5969993233680725,0.7617049629897954,0.6337612640112639,0.7920632512923593
187,6.25e-05,0.09568570631372321,0.2765435740263504,0.5929459422826767,0.7596123990058407,0.6260376971215009,0.7862666838444133
188,6.25e-05,0.09643585293013958,0.2764534397810554,0.611522265151143,0.7711030800139252,0.6311360519379378,0.7896845723334104
189,6.25e-05,0.09416779837790568,0.2729204201500915,0.6120277404785156,0.7714443049079939,0.639291744492948,0.7952743396190726
190,6.25e-05,0.09302150544704525,0.2703876701086874,0.5979556504637003,0.7627462211488251,0.6196745298802853,0.7822183823986016
191,6.25e-05,0.09303050990079999,0.2696431963309276,0.610534230992198,0.7704515093894927,0.6369696283712983,0.7934808438697497
192,6.25e-05,0.09424635531843469,0.27382316360956815,0.5986786499619484,0.7632632689112762,0.6178974147886038,0.7810819863624129
193,6.25e-05,0.09292965379964774,0.27259377694928943,0.6041933257132769,0.7677736695044441,0.6274445842951536,0.7867795026989598
194,3.125e-05,0.0918783146033811,0.2687676301710828,0.6078780308365822,0.7687300515291037,0.6425398342311383,0.7970578752421201
195,3.125e-05,0.0923893859930289,0.27099824246202625,0.6063655365258456,0.769317122067961,0.623536661081016,0.7850712253189674
196,3.125e-05,0.08674308033600735,0.2606428559025206,0.5981098636984825,0.762868970676392,0.633456420712173,0.7913169490205385
197,3.125e-05,0.08694007729364049,0.2594885044803176,0.6011947799474001,0.7652596024551063,0.6354826468974352,0.792595968550039
198,3.125e-05,0.0865352376702295,0.2604416441500063,0.5971258297562599,0.7630708056558755,0.6255042739212513,0.7859264956012977
199,3.125e-05,0.08845404244864442,0.2640992099921802,0.5991945501416922,0.7641063671533838,0.627186355739832,0.7880152647768485
200,3.125e-05,0.08649271708812303,0.26045295915268285,0.6030549101531506,0.765730063478767,0.6320750173181295,0.7903679830101061
201,3.125e-05,0.08539287910861953,0.25802493074145116,0.6018564432859421,0.7662965834703875,0.6318901980295777,0.7904655386194628
202,3.125e-05,0.08654341677049543,0.2578596529660599,0.6470141712576151,0.7944351382641076,0.6635682668536902,0.8102291921715173
203,3.125e-05,0.08766186465123657,0.2616343131802817,0.5944777823984623,0.760805547092196,0.6417321117594839,0.7967000814596223
204,3.125e-05,0.08860402542409623,0.26337111627854476,0.5954833574593067,0.7612956388945487,0.6402548419311642,0.7961414442193314
205,3.125e-05,0.08614600259976782,0.2587606186009352,0.604487843066454,0.766935657365607,0.644734076410532,0.7986858634654205
206,3.125e-05,0.08389275295624307,0.2551573319361145,0.5938182368874549,0.7602486034949751,0.636392873339355,0.7935898991065062
207,3.125e-05,0.08699569416938314,0.2606093072987654,0.5907697804272175,0.7575659455034001,0.6214772802777588,0.7838618676927346
208,3.125e-05,0.08674187146744151,0.2596102497418991,0.5917706929147244,0.7587253970641832,0.6279996224679053,0.7883579209844025
209,3.125e-05,0.08530195107220843,0.25827215682974597,0.5909199416637421,0.7576492429851461,0.6192117096856237,0.7823357585232582
210,3.125e-05,0.08623852650783244,0.25991192291357446,0.5888493802398443,0.7569100881120947,0.6202420547604561,0.7824458639302191
211,3.125e-05,0.0856347406271157,0.25859878540973313,0.6042681112885475,0.7666402087267945,0.6434952912852168,0.7979366239833471
212,3.125e-05,0.08461152033726121,0.25686354833566266,0.5952751003205776,0.7614486694536152,0.6254584698006511,0.7866843045894888
213,3.125e-05,0.08482868746397601,0.25581718061551023,0.6001974806189537,0.7641891264352313,0.6313644057139755,0.7900015765350737
214,3.125e-05,0.0853238996165763,0.2578602932945618,0.6022146567702293,0.765593550627253,0.6180581867694854,0.7816174730598422
215,3.125e-05,0.08723661708081984,0.2582169081986312,0.6123042892664671,0.7719156066527364,0.6431083688512444,0.7976208575828729
216,3.125e-05,0.08510320331118289,0.257277417784848,0.5949782598763704,0.761233767326166,0.6285565936937928,0.788138604559317
217,3.125e-05,0.0854903409957506,0.25694960697801567,0.5947408843785524,0.7601302730671169,0.6259720519185066,0.7865834660126491
218,3.125e-05,0.08360546572240675,0.254672140209244,0.598237170651555,0.7630629575783416,0.6119744455441832,0.7775938355035555
219,3.125e-05,0.08473222878328554,0.25627959349339957,0.6144784584641456,0.7735416470396925,0.6565547298640013,0.8062881281907508
220,3.125e-05,0.08668803641940379,0.26045636833357066,0.6066775396466255,0.7682966242513394,0.6269058601930737,0.7870955805733097
221,3.125e-05,0.08410139168333855,0.25537772510883944,0.6009171050041914,0.7649957200110235,0.6272128747776151,0.787644155069586
222,3.125e-05,0.08510942928564207,0.2583860730922765,0.5962441705167294,0.7611336812240194,0.6328958336263895,0.7910134869157076
223,3.125e-05,0.08364095001416222,0.2534944415653108,0.5884961348026991,0.7567465633770111,0.6134938172996044,0.7783432218734512
224,3.125e-05,0.08509541062080557,0.25719277534301077,0.6033679943531751,0.7658438195172701,0.6366596141830086,0.7934909998665469
225,3.125e-05,0.08608967326818757,0.2590926967836233,0.5980328090488911,0.7629396800458992,0.6137367462739348,0.7786874384677718
226,3.125e-05,0.08237083344038125,0.2522277172016821,0.5945843789726496,0.7601613680031336,0.626683764345944,0.7873549914873377
227,3.125e-05,0.08229631871269767,0.2527148740012659,0.5887214455753564,0.7572074998706512,0.6277231752872467,0.7877262755633897
228,3.125e-05,0.08481032304038667,0.25742860373490445,0.600690795853734,0.763877945010396,0.6396012224256993,0.7944430157857104
229,3.125e-05,0.08278737338200497,0.2524609145783825,0.5959844522178173,0.7619764910147426,0.6223583443090319,0.7840737488379105
230,3.125e-05,0.08150163867101548,0.2515967059692383,0.5926886528730393,0.7587608330243953,0.6220247853547335,0.7841820234642612
231,3.125e-05,0.08223820616532664,0.2523944488704968,0.599551210552454,0.7645459061302121,0.6243343403562903,0.7854952792009686
232,3.125e-05,0.0831398673616587,0.25385582000931384,0.5937174122780562,0.7596907747157696,0.6293546302244067,0.7890851555907532
233,3.125e-05,0.08320700944324208,0.2545078845213913,0.5913652796298265,0.7582528524478803,0.6228995198383928,0.7848088509191278
234,3.125e-05,0.08322702259252406,0.2536495361462376,0.6035632405430078,0.7671972564119243,0.6272708740085363,0.787619178147997
235,3.125e-05,0.08488174934818107,0.2567059827665276,0.6030585054308176,0.7674488998885721,0.6347227333113551,0.7922640455331205
236,3.125e-05,0.08270784899307664,0.25391298718766075,0.5881208922713995,0.7563055594568009,0.6242077760398388,0.7858577735519581
237,3.125e-05,0.08394446499218607,0.2546556743082182,0.5928803469985724,0.7594535575885474,0.6276367734186351,0.7883096908052855
238,3.125e-05,0.08145551275533096,0.25026417544699936,0.6078643623739481,0.7700120679899755,0.6401212090626359,0.795928020974765
239,3.125e-05,0.08469123770571818,0.25538206418376747,0.5997452385723591,0.7637937356475206,0.6269854418933392,0.7873400899927607
240,3.125e-05,0.08195780974569594,0.2511272064107669,0.5937768556177616,0.7604075332514338,0.6303762063384056,0.7891158790069522
241,3.125e-05,0.08465401280173071,0.2562340212903198,0.6078483607620001,0.7697379133041723,0.6416781973093748,0.7963949735134933
242,3.125e-05,0.08207618899548509,0.2524963035316907,0.6000545278191567,0.7639242322891546,0.6431008748710155,0.7976164814081866
243,3.125e-05,0.082124104272503,0.25181621049352676,0.584519486874342,0.7540146050981918,0.6320362355560064,0.7902388591921105
244,3.125e-05,0.08144512124786711,0.25148615641948946,0.5908053107559681,0.7590966866245119,0.6264636563137174,0.786476422836386
245,3.125e-05,0.08270491181522797,0.25291021586779544,0.598277385532856,0.763386004072124,0.6352449445053935,0.7927357038700822
246,3.125e-05,0.0812978903246913,0.2503149099159103,0.5869979910552502,0.7567133564577091,0.6242640731856227,0.7856247817007048
247,3.125e-05,0.08098357476910968,0.2497754981986277,0.5985773716121912,0.7643925465729108,0.6337235705927015,0.7919133259971007
248,3.125e-05,0.08114253454337454,0.2504107407205002,0.6040578559041023,0.7679885190792408,0.6410011935979127,0.7953014152882967
249,3.125e-05,0.08197218174957166,0.2520509817616941,0.6063614260405302,0.768961859058368,0.6338981598615646,0.7915187274876823
250,3.125e-05,0.08192776339306573,0.2514563327271118,0.5899927355349064,0.7581064864917824,0.6262434335425496,0.7863519721559051
251,3.125e-05,0.08286311518946651,0.2527072447239901,0.5909258004277944,0.7589738788275102,0.6391342910006642,0.7949712392460346
252,3.125e-05,0.0842493438535625,0.2552214878431871,0.5928047668188811,0.7603941478863269,0.6356553738936782,0.792737167393399
253,3.125e-05,0.08256565917069746,0.2525792153811997,0.6001193694770336,0.7653653626012135,0.6365714468061924,0.7934751104121996
254,3.125e-05,0.08028375326543097,0.24810166487242666,0.5907252911478281,0.7591316423397376,0.6306922096759081,0.7894000229117926
255,3.125e-05,0.08442305978743514,0.25607254977114696,0.597464282810688,0.7635716442457889,0.6220592688769102,0.7839668854189645
256,3.125e-05,0.08294114829960522,0.2535588039141435,0.5908993683755398,0.7587151902755146,0.632340325973928,0.7907804391964358
257,3.125e-05,0.08133531810276827,0.25075133775364583,0.5856117114424706,0.7552544941911401,0.627188503369689,0.7876866891657156
258,3.125e-05,0.08389822838555096,0.25465515235438146,0.6031301848590374,0.7654548741514083,0.6453973192721605,0.7987694837331019
259,1.5625e-05,0.08219330067372625,0.25239495062379996,0.5898281633853912,0.7584073154279408,0.6259911596775055,0.785971153336461
260,1.5625e-05,0.07999677309517268,0.2486387821743525,0.591653735563159,0.7590739978097055,0.6412764552980661,0.7967670242707723
261,1.5625e-05,0.07910023741186804,0.24631927827733605,0.593438408523798,0.7608480851702526,0.6300878910347819,0.7895887520894352
262,1.5625e-05,0.0788580336412237,0.2467934221710858,0.5801886085420846,0.7525901233869873,0.6285099361091853,0.7884193644919989
263,1.5625e-05,0.07741854156539509,0.24239238061599971,0.5906454987823964,0.7585032639848373,0.6286039402708411,0.7883092001101958
264,1.5625e-05,0.07872516485109071,0.2448034710023954,0.5849179208278656,0.7545772454246931,0.6295828865841031,0.7893216586330871
265,1.5625e-05,0.07800970093649663,0.2437854198898749,0.5892800346016884,0.7571770516521733,0.6404700608924031,0.7961609727078723
266,1.5625e-05,0.07787909388993007,0.24369538021360965,0.5826904203742742,0.7538419801893427,0.6129464518278838,0.7780939426465869
267,1.5625e-05,0.07981274642382458,0.2476274791261843,0.58833361081779,0.7562842752874013,0.6331733295693993,0.7912702749669994
268,1.5625e-05,0.07770516521706702,0.24448725595404103,0.5835744790732861,0.7537137789366886,0.6317473130300642,0.7904919686515007
269,1.5625e-05,0.07792856441039568,0.24500887934909465,0.5892040994018316,0.7577236401295143,0.6215720478445291,0.7832829821525503
270,1.5625e-05,0.07693716961961643,0.24262452512023866,0.5879018064588308,0.7577293517997693,0.6132049351930619,0.7784879388109968
271,1.5625e-05,0.07882168693290015,0.24666920280813662,0.5900174383074045,0.758375559595905,0.6222468961030245,0.7845558257510882
272,1.5625e-05,0.07827260217089561,0.2448911038988637,0.5936895899474621,0.760784013500246,0.630645402148366,0.7899887150754876
273,1.5625e-05,0.07811853028596587,0.24466651896673158,0.5840200521051884,0.7532075886062565,0.6247388526797295,0.7855221167569086
274,1.5625e-05,0.07866283934444758,0.24619553028055527,0.5865166835486889,0.7555521906882493,0.6025478158146143,0.7714390928860809
275,1.5625e-05,0.07840575898291578,0.24546391786453417,0.5945686120539904,0.7610692833651517,0.6209531188011169,0.7826783471894718
276,1.5625e-05,0.07922322925915763,0.24707121628065407,0.5917121682316064,0.7593528176812104,0.6281073683872819,0.788011967256052
277,1.5625e-05,0.07638888249683912,0.24100912416088022,0.6000472936779261,0.765256504708301,0.6330906059592962,0.7905346180940993
278,7.8125e-06,0.07883517071604729,0.24484759668343806,0.5884948410093784,0.7571017212307394,0.6258714942261576,0.7861405449929219
279,7.8125e-06,0.07794799907192303,0.24369432907633537,0.5922645628452301,0.7594266016920367,0.6370391361415386,0.7937723908377639
280,7.8125e-06,0.0785289381506147,0.24436978163532833,0.599780534952879,0.7649644734570595,0.6283564649522304,0.7878574086469651
281,7.8125e-06,0.07457679250295375,0.23759154172393074,0.588165545091033,0.7574395258246372,0.6296736186370253,0.7893381437534679
282,7.8125e-06,0.0779560342739532,0.2432214874816955,0.5856893077492714,0.7553851528456296,0.6288794746622444,0.7885880419787916
283,7.8125e-06,0.07685649953782558,0.24231879726729397,0.5836915034800768,0.7545684244130237,0.6200256897136569,0.7830198177198179
284,7.8125e-06,0.07514685507460385,0.23927505642407626,0.5888649120926857,0.7572475482267655,0.6262635417282582,0.7870134114288152
285,7.8125e-06,0.07583026041033541,0.23966645598161718,0.5947668097913266,0.7613152757651721,0.6304429933428765,0.7893487093202483
286,7.8125e-06,0.07486758683659848,0.23803052193330654,0.5871897134929895,0.7563858315598317,0.6304065305739641,0.7895142337804364
287,7.8125e-06,0.07670589812859228,0.2416334492146802,0.5908121258020401,0.7588176634754072,0.6246925322338939,0.7860640226421042
288,7.8125e-06,0.07719241635529858,0.24291131363214968,0.5888058051466942,0.7575807597099264,0.6245561681687832,0.7862175278770916
289,7.8125e-06,0.07504975342541743,0.23900867687627766,0.5928831670433283,0.7600908262211722,0.6236175948753953,0.7855480000969723
290,7.8125e-06,0.07653866217109807,0.2402867270393917,0.5769201785326004,0.7497428404005808,0.6075694749131799,0.7747457017943111
291,7.8125e-06,0.07644362171079702,0.24215052315639243,0.5833581771701575,0.7546766499728177,0.6176949357613921,0.7814764232769787
292,7.8125e-06,0.07472579666431163,0.23821434197866684,0.5895807035267353,0.7582594479107584,0.6267991546541453,0.7873647792609628
293,7.8125e-06,0.07560982359988484,0.2398726481842197,0.5825938783586025,0.7534089302864114,0.6195292301476002,0.7827869822441718
294,7.8125e-06,0.07733042517997277,0.24408769007795184,0.5776037234812975,0.7500853683470792,0.6168646009638905,0.7807565333194347
295,7.8125e-06,0.0753703397953776,0.2403630268940483,0.5847260061651468,0.7547973331445583,0.6235302129760385,0.7850968990949037
296,7.8125e-06,0.07665038914983249,0.24049428539447798,0.5995066802948713,0.7642117071476546,0.6390923983417451,0.7955979939780039
297,7.8125e-06,0.07490079817925668,0.23894470821647756,0.5818416215479374,0.7523270938722638,0.6265047768130898,0.7875216942698533
298,7.8125e-06,0.07499995807506096,0.2379150418796536,0.5880273003131151,0.7573071325409177,0.6180474027991295,0.7817229804950675
299,7.8125e-06,0.07463564149513366,0.23898176703547663,0.576519476249814,0.7490392510439761,0.6233550058677793,0.7852290839029836
300,7.8125e-06,0.07741105126418696,0.24421099534983381,0.5854206588119268,0.7552199875523569,0.6218145329505205,0.7841765496520998
301,7.8125e-06,0.0774325828904369,0.24276549975024067,0.5785184003412723,0.7507809899006986,0.6158766020089388,0.7800373288310134
302,7.8125e-06,0.07541763098246068,0.23949893779763598,0.5844347421079874,0.7545345481542731,0.6252755183726549,0.786082855929186
303,7.8125e-06,0.07854232424573535,0.24181294398739953,0.6049595784395934,0.7676476508504184,0.633251810260117,0.791642285659881
304,7.8125e-06,0.07575039039988807,0.24068958749244648,0.5842228423804045,0.7545691550154503,0.6212056314572691,0.7837875057686257
305,7.8125e-06,0.07453417757846367,0.23788348082531358,0.5887382034212351,0.7566245916200514,0.6293076671659946,0.7889034689860478
306,7.8125e-06,0.07718813509508303,0.24346738214862823,0.5949589226394891,0.761598255533574,0.6385606424883008,0.7945193527531739
307,7.8125e-06,0.07677011613016295,0.24157457770822505,0.5882486198097467,0.7567136221038808,0.6243594661355019,0.7859798716223679
308,7.8125e-06,0.07636940002346494,0.24179550158672158,0.5840288233011961,0.7542621440585491,0.6238109616562724,0.7854930986213299
309,7.8125e-06,0.0753754289334367,0.24081778960104952,0.5794465214014053,0.7515879061500456,0.6197829220443964,0.7828064998643129
310,7.8125e-06,0.07506274159072311,0.23923665694768778,0.5781699448823929,0.7506867861503569,0.6305210445076227,0.7890955231857497
311,7.8125e-06,0.07369291852376643,0.23603007957626854,0.587333070114255,0.7568956881650261,0.627469870634377,0.7878627939347052
312,7.8125e-06,0.07574621247495436,0.24057307514271306,0.589705715700984,0.7582145453871358,0.6235170600935817,0.7851901786271537
313,7.8125e-06,0.07591877378238614,0.24077821041099245,0.5837486479431391,0.7544619003149909,0.6394978065043688,0.7953159953228036
314,7.8125e-06,0.07673535537520412,0.24167070733595758,0.585744010657072,0.7556915026850912,0.6296909503638745,0.7891258695933493
315,3.90625e-06,0.07593036259103353,0.23994827040175265,0.5857255287468434,0.7555615191681478,0.6262175235897303,0.7871688334899388
316,3.90625e-06,0.07420321952575332,0.23753222260229412,0.5849864087998867,0.7544305052960856,0.6196905622258783,0.7830020548332304
317,3.90625e-06,0.07358493002214629,0.235919823341648,0.5946394190192222,0.761687235470142,0.6326849900186062,0.791132050648063
318,3.90625e-06,0.075186732919163,0.2393786148013862,0.5884769055992365,0.757596899307088,0.6301662862300873,0.7892594196403074
319,3.90625e-06,0.07463646079205973,0.23809895659879785,0.5893412813544273,0.757529054606188,0.6291498074308037,0.7889863014470941
320,3.90625e-06,0.07587417079266279,0.23969267356498278,0.5872876960784197,0.7563993028360662,0.635509493201971,0.7926800167840482
321,3.90625e-06,0.07581445044440449,0.23956956844468644,0.5884583372622728,0.7571578195639393,0.6299508795142174,0.789294488668749
322,3.90625e-06,0.07490690196063488,0.23826710621915573,0.5881108898669481,0.7569048652420759,0.6361163157969714,0.7929817950999154
323,3.90625e-06,0.07430636104504773,0.23825612832435802,0.5834054049104452,0.754056029158167,0.6243912464007735,0.7855640833025012
324,3.90625e-06,0.0754547784354087,0.2386061216646279,0.588794045522809,0.7575791299895263,0.6309887044131756,0.7898708622555513
325,3.90625e-06,0.07470053625382056,0.23773009146913465,0.5826189607381821,0.7535251544319718,0.6299218138679862,0.7893053193136449
326,3.90625e-06,0.07459626571055811,0.2381921362921187,0.5924697741866112,0.7598274535557537,0.6243015591055154,0.785629265580138
327,3.90625e-06,0.07234674979262291,0.23381502135299895,0.5887442089617252,0.7577367402292108,0.6127843270078301,0.7781259415303963
328,3.90625e-06,0.07370982002348277,0.23691369572854848,0.5893596209585666,0.7581854047343687,0.6260482188314199,0.7862640427284646
329,3.90625e-06,0.07630377753999583,0.2404262319143157,0.5819712601602077,0.7531544508271478,0.6178948495537042,0.7815042124206214
330,3.90625e-06,0.07500855258078712,0.23864348439629915,0.5847795341163874,0.7549800373568011,0.6221000803634524,0.784551366814818
331,1.953125e-06,0.07454903722165307,0.23769529339365256,0.5834396354854107,0.753371736725609,0.631802755780518,0.7905668762046923
332,1.953125e-06,0.0744245904052903,0.23678847740662137,0.589498995617032,0.757980863196702,0.6368318647146225,0.7936614464580464
333,1.953125e-06,0.07289689258452814,0.23352934288452817,0.5810850221663714,0.7522098791904942,0.6128014158457518,0.7780450490211069
334,1.953125e-06,0.07479120635540243,0.2385217221011127,0.579359570890665,0.7508713767434888,0.6132897220551967,0.7786236092774127
335,1.953125e-06,0.07502825298364375,0.238011332730711,0.5827336307615042,0.7536447889517026,0.6182208858430386,0.781922930429283
336,1.953125e-06,0.07324980552883664,0.23450238782952207,0.5842660203576088,0.7540282034801753,0.6161992408335208,0.7800801422411204
337,1.953125e-06,0.07421291378107231,0.235785627849054,0.5855210848152638,0.7552530093556781,0.6271089365705848,0.7873917406013291
338,1.953125e-06,0.07513973693464213,0.23941884522045012,0.5831559307873249,0.7543025324199659,0.6153321303427219,0.7798342546208061
339,1.953125e-06,0.07313252414819921,0.2359018666831069,0.5865246545523405,0.7559138373519657,0.6259484741836786,0.7864432974503184
340,1.953125e-06,0.0733610565542795,0.23570239946828278,0.5904729090631008,0.7578324075698731,0.6320908136665822,0.7908635038650093
341,1.953125e-06,0.07433888153617929,0.23662454529309065,0.5917801916599273,0.7595212595796682,0.624896071664989,0.7861261604721534
342,1.953125e-06,0.07517914012501574,0.2393683056422196,0.5870175018906594,0.7559409669449952,0.6362107545137405,0.7927774819047193
343,1.953125e-06,0.0758058987557888,0.23951432819748322,0.5856957741081714,0.7557558887957869,0.6236749544739724,0.7851537198352389
344,1.953125e-06,0.0737982589134555,0.2360435056421913,0.584931518137455,0.7556298407362039,0.6221636328846216,0.7840122448564346
345,1.953125e-06,0.07422235057612134,0.2373526970632362,0.5896094541996717,0.758707616190216,0.6288320813328028,0.7886977813168392
346,1.953125e-06,0.0743944970001081,0.2371071451151032,0.583456403389573,0.7537756790292125,0.6256573982536793,0.7863365168335325
347,1e-06,0.07353838662480473,0.23637767327677167,0.5930703636258841,0.7603431552527427,0.6413425136357546,0.7963814618251529
348,1e-06,0.0748822454149556,0.2382331306700868,0.5836928013712168,0.7538804070475986,0.6172319876030088,0.7807905118691193
349,1e-06,0.07628077666043856,0.24229839439307885,0.5880617827177048,0.7570534316976664,0.620852162130177,0.7834135595374765
350,1e-06,0.07488726689272625,0.23854654710911596,0.5841557718813419,0.7546491728536585,0.6202078770846129,0.7825254651835637
351,1e-06,0.07301283384833461,0.23528194497003416,0.5859011162072421,0.7556438096409213,0.6237946709617972,0.7854485051017409
352,1e-06,0.07295915455954849,0.2337115658059887,0.6034766618162394,0.7672412088832146,0.6338023087009788,0.7917265292548736
353,1e-06,0.0727569112838928,0.23418155172703342,0.5887947764247656,0.7573177636859811,0.6256511809304357,0.7863366256899536
354,1e-06,0.07406853417610856,0.23651145303814103,0.5874440189450979,0.7567920792969834,0.6258239205926657,0.7861370108846857
355,1e-06,0.0742348813137431,0.23672677307979972,0.5829401411116123,0.7539238042434457,0.6300658911466599,0.7891770957457585
356,1e-06,0.0738305653902186,0.23699982465662764,0.590058260411024,0.7580790963805161,0.6319580003619194,0.7901446420288137
357,1e-06,0.075001029606173,0.23921741533772714,0.5824915383011102,0.7531907557331531,0.6251464566215873,0.7860611893486035
358,1e-06,0.07470060437087231,0.23784212363184476,0.5915657751262188,0.7599077164555493,0.620535422116518,0.7828058059467835
359,1e-06,0.07262528769577005,0.23417815119593605,0.5820950746536255,0.7533957323234987,0.6177734976634384,0.7812870149620572
360,1e-06,0.07360600830192209,0.23515699711159757,0.5941445134580136,0.7610727526307529,0.6318715801462531,0.7907863109387439
361,1e-06,0.07575761167344394,0.2400556393097528,0.5848214391618967,0.7545494891246772,0.6218529472127556,0.7836423201224398
362,1e-06,0.07545798787977664,0.23898637867236147,0.5823204107582569,0.75309880455777,0.6276874341070652,0.7878654488608872
363,1e-06,0.07448483977443093,0.2378194624863723,0.5887205015867949,0.7577154390607546,0.6250543000176549,0.7861183527215275
364,1e-06,0.07415742086614394,0.23687084634403396,0.5823315847665071,0.7530137959316457,0.627483731508255,0.7871382931013315
365,1e-06,0.07535012903961406,0.23958847176261222,0.5879026096314192,0.7558777603944035,0.6224705509841442,0.7843828477790055
366,1e-06,0.07351631102905531,0.23512835323974615,0.5860102210193873,0.7556803188287519,0.6270019276067614,0.7874965997124692
367,1e-06,0.07313578174846946,0.23481470907574128,0.5827722940593958,0.7529158465020843,0.6242063673213124,0.7858756882672909
368,1e-06,0.07564552269496355,0.23961526358501276,0.588036073371768,0.7565390759549822,0.6306452667340636,0.7898461341023214
369,1e-06,0.07640003598040077,0.24030405814049546,0.5878523271530867,0.7571704757115072,0.618055552430451,0.7817526451274445
370,1e-06,0.07433314608398137,0.2366814917373964,0.5830604929476977,0.7539601275757699,0.6181883193552494,0.7814919332065288
371,1e-06,0.0729546924092018,0.23429958286242641,0.5792972803115845,0.7515962773686391,0.615778798982501,0.7798150225359027
372,1e-06,0.07484686607198351,0.23807448580545762,0.5928773492574692,0.7599861363298,0.6306478578597308,0.7899256094444681
373,1e-06,0.07434427045333157,0.237006754135899,0.5891442403197289,0.7578844004903142,0.6270527178421617,0.7873726407694479
374,1e-06,0.07429749156781443,0.23744829903711753,0.5935733582824468,0.7609331020985531,0.6362299364060163,0.7930836294673945
375,1e-06,0.07400533161867576,0.23768631644516522,0.5894552487879992,0.7575130525124214,0.6276825634762645,0.7877406503608632
376,1e-06,0.07345521881891663,0.23549757788908288,0.5838098622858524,0.7544031308626045,0.626083618029952,0.7866114085309946
377,1e-06,0.07562712571660804,0.24014364664691676,0.5845260184258223,0.7547409931390209,0.6142755750566721,0.7793378944771188
378,1e-06,0.07383846961388922,0.2370942936312617,0.5889725759625435,0.757212232784771,0.6351219130679965,0.7925756242257912
379,1e-06,0.07234115969793052,0.23387833344077577,0.5880532581359148,0.7568209204628844,0.6269320279359818,0.7871699645733402
380,1e-06,0.07363902514052999,0.23588208605007424,0.5811340101063251,0.7523103119738771,0.6127400817349553,0.7781716011738103
